<?xml version="1.0" encoding="UTF-8"?>
<beans:beans
	xmlns="http://www.springframework.org/schema/mvc"
	xmlns:xsi="http://www.w3.org/2001/XMLSchema-instance"
	xmlns:beans="http://www.springframework.org/schema/beans"
	xmlns:context="http://www.springframework.org/schema/context"
	xsi:schemaLocation="http://www.springframework.org/schema/mvc http://www.springframework.org/schema/mvc/spring-mvc.xsd
		http://www.springframework.org/schema/beans http://www.springframework.org/schema/beans/spring-beans.xsd
		http://www.springframework.org/schema/context http://www.springframework.org/schema/context/spring-context.xsd">

	<!-- DispatcherServlet Context: defines this servlet's request-processing 
		infrastructure -->

	<!-- Enables the Spring MVC @Controller programming model -->
	<annotation-driven />

	<!-- Handles HTTP GET requests for /resources/** by efficiently serving 
		up static resources in the ${webappRoot}/resources directory -->
	<resources mapping="/resources/**" location="/resources/" />

	<!-- Resolves views selected for rendering by @Controllers to .jsp resources 
		in the /WEB-INF/views directory -->
	<beans:bean
		class="org.springframework.web.servlet.view.InternalResourceViewResolver">
		<beans:property name="prefix" value="/WEB-INF/views/" />
		<beans:property name="suffix" value=".jsp" />
	</beans:bean>
	<beans:bean id="customerService"
		class="com.hcl.pp.Dao.Impl.UserServiceImpl">
	</beans:bean>

	<beans:bean id="customerDao" class="com.hcl.pp.Dao.Impl.UserDaoImpl">
	</beans:bean>



	<beans:bean id="dataSource"

		class="org.springframework.jdbc.datasource.DriverManagerDataSource">


		<beans:property name="driverClassName"

			value="com.mysql.jdbc.Driver" />


		<beans:property name="url"

			value="jdbc:mysql://localhost:3306/petdb" />


		<beans:property name="username" value="root" />


		<beans:property name="password" value="root" />


	</beans:bean>


	<beans:bean id="jdbcTemplate"
		class="org.springframework.jdbc.core.JdbcTemplate">
		<beans:property name="dataSource" ref="dataSource"></beans:property>
	</beans:bean>

	<beans:bean id="messageSource"
		class="org.springframework.context.support.ReloadableResourceBundleMessageSource">
		<beans:property name="basename"
			value="classpath:message" />
		<beans:property name="defaultEncoding" value="UTF-8" />
	</beans:bean>

	<context:component-scan
		base-package="com.hcl.pp" />

</beans:beans>
