<?xml version="1.0" encoding="UTF-8"?>

<beans:beans
	xmlns="http://www.springframework.org/schema/security"

	xmlns:beans="http://www.springframework.org/schema/beans"

	xmlns:xsi="http://www.w3.org/2001/XMLSchema-instance"

	xsi:schemaLocation="http://www.springframework.org/schema/beans

http://www.springframework.org/schema/beans/spring-beans.xsd

http://www.springframework.org/schema/security
 
http://www.springframework.org/schema/security/spring-security.xsd">


	<http auto-config="true" use-expressions="true">

		<intercept-url pattern="/" access="permitAll" />
		<intercept-url pattern="/restricted"
			access="hasRole('ROLE_ADMIN')" />

	</http>


	<authentication-manager>

		<authentication-provider>

			<user-service>

				<user name="jimi" password="jimi123" authorities="ROLE_ADMIN" />

				<user name="bob" password="bobs123" authorities="ROLE_USER" />

			</user-service>

		</authentication-provider>

	</authentication-manager>

</beans:beans>


